{"Version":"0.6","MapName":"班级2","MapType":1,"MapScale":2.5,"MapSize":[11,12],"MapBlockSize":[16,16],"MapCount":1,"MapData":[[[[2,0,0],[3,0,0],[3,0,0],[3,0,0],[3,0,0],[3,0,0],[3,0,0],[3,0,0],[3,0,0],[3,0,0],[4,0,0]],[[5,0,0],[7,9,0],[7,9,0],[3,1,0],[2,3,0],[2,3,0],[2,3,0],[3,1,0],[9,8,0],[9,8,0],[6,0,0]],[[5,0,0],[3,1,0],[8,6,0],[4,1,0],[3,3,0],[3,3,0],[3,3,0],[4,1,0],[9,6,0],[3,1,0],[6,0,0]],[[5,0,0],[4,1,0],[9,8,0],[9,8,0],[9,8,0],[9,8,0],[9,8,0],[9,8,0],[9,8,0],[4,1,0],[6,0,0]],[[5,0,0],[4,2,0],[9,8,0],[9,8,0],[9,8,0],[9,8,0],[9,8,0],[9,8,0],[9,8,0],[4,2,0],[6,0,0]],[[5,0,0],[5,2,0],[9,8,0],[9,8,0],[9,8,0],[9,8,0],[9,8,0],[9,8,0],[9,8,0],[5,2,0],[6,0,0]],[[5,0,0],[9,8,0],[9,1,0],[9,1,0],[9,8,0],[9,8,0],[9,8,0],[9,1,0],[9,1,0],[9,8,0],[6,0,0]],[[5,0,0],[9,1,0],[0,2,0],[1,2,0],[9,1,0],[9,8,0],[9,1,0],[0,2,0],[1,2,0],[9,1,0],[6,0,0]],[[5,0,0],[9,1,0],[2,2,0],[3,2,0],[9,1,0],[9,8,0],[9,1,0],[2,2,0],[3,2,0],[9,1,0],[6,0,0]],[[5,0,0],[9,8,0],[9,1,0],[9,1,0],[9,8,0],[9,8,0],[9,8,0],[9,1,0],[9,1,0],[9,8,0],[6,0,0]],[[5,0,0],[9,8,0],[9,8,0],[9,8,0],[9,8,0],[9,8,0],[9,8,0],[9,8,0],[9,8,0],[9,8,0],[6,0,0]],[[7,0,0],[8,0,0],[8,0,0],[8,0,0],[9,0,0],[7,8,0],[7,0,0],[8,0,0],[8,0,0],[8,0,0],[9,0,0]]]],"MapBlockImageCount":1,"MapBlockImage":["2022-03-18_14.27.41.png"],"MapEventData":{"5,11":"回一中"},"MapBlockSpecialData":{"10,0":-1,"10,1":-1,"10,3":-1,"10,4":-1,"10,5":-1,"10,6":-1,"10,7":-1,"10,8":-1,"10,9":-1,"10,10":-1,"10,11":-1,"7,11":-1,"6,11":-1,"8,11":-1,"9,11":-1,"10,2":-1,"9,0":-1,"8,0":-1,"7,0":-1,"6,0":-1,"5,0":-1,"4,0":-1,"3,0":-1,"2,0":-1,"1,0":-1,"0,0":-1,"1,1":-1,"1,2":-1,"1,3":-1,"1,4":-1,"1,5":-1,"0,5":-1,"0,6":-1,"0,7":-1,"0,8":-1,"0,9":-1,"0,10":-1,"1,11":-1,"2,11":-1,"3,11":-1,"4,11":-1,"0,11":-1,"0,3":-1,"0,2":-1,"0,1":-1,"0,4":-1,"2,2":-1,"3,2":-1,"4,2":-1,"3,1":-1,"4,1":-1,"5,1":-1,"6,1":-1,"7,1":-1,"6,2":-1,"5,2":-1,"7,2":-1,"8,2":-1,"9,2":-1,"9,3":-1,"9,4":-1,"9,5":-1,"3,7":-1,"2,7":-1,"2,8":-1,"3,8":-1,"7,7":-1,"8,7":-1,"8,8":-1,"7,8":-1},"MapOfRole":2,"MapEventList":["回一中"]}