{"Version":"0.6","MapName":"门房","MapType":1,"MapScale":0.375,"MapSize":[11,12],"MapBlockSize":[128,128],"MapCount":1,"MapData":[[[[2,0,0],[3,0,0],[3,0,0],[3,0,0],[3,0,0],[3,0,0],[3,0,0],[3,0,0],[3,0,0],[3,0,0],[4,0,0]],[[5,0,0],[6,7,0],[6,7,0],[6,7,0],[6,7,0],[6,7,0],[6,7,0],[4,2,0],[2,3,0],[6,7,0],[6,0,0]],[[5,0,0],[6,2,0],[6,7,0],[6,7,0],[9,6,0],[8,6,0],[9,6,0],[5,2,0],[3,3,0],[6,2,0],[6,0,0]],[[5,0,0],[7,2,0],[9,1,0],[9,1,0],[9,1,0],[6,7,0],[9,1,0],[9,1,0],[9,1,0],[7,2,0],[6,0,0]],[[5,0,0],[6,7,0],[6,7,0],[6,7,0],[6,7,0],[6,7,0],[6,7,0],[6,7,0],[6,7,0],[6,7,0],[6,0,0]],[[5,0,0],[6,7,0],[6,7,0],[1,7,0],[2,7,0],[6,7,0],[1,7,0],[2,7,0],[6,7,0],[6,7,0],[6,0,0]],[[5,0,0],[6,7,0],[6,7,0],[3,7,0],[4,7,0],[6,7,0],[3,7,0],[4,7,0],[6,7,0],[6,7,0],[6,0,0]],[[5,0,0],[6,7,0],[6,7,0],[6,7,0],[6,7,0],[6,7,0],[6,7,0],[6,7,0],[6,7,0],[6,7,0],[6,0,0]],[[5,0,0],[6,7,0],[6,7,0],[6,7,0],[6,7,0],[6,7,0],[6,7,0],[6,7,0],[1,8,0],[6,7,0],[6,0,0]],[[5,0,0],[6,7,0],[6,7,0],[6,7,0],[6,7,0],[6,7,0],[6,7,0],[6,7,0],[6,7,0],[6,7,0],[6,0,0]],[[5,0,0],[9,6,0],[6,7,0],[6,7,0],[6,7,0],[6,7,0],[6,7,0],[6,7,0],[6,7,0],[9,6,0],[6,0,0]],[[7,0,0],[8,0,0],[8,0,0],[8,0,0],[9,0,0],[8,8,0],[7,0,0],[8,0,0],[8,0,0],[8,0,0],[9,0,0]]]],"MapBlockImageCount":1,"MapBlockImage":["2022-03-23_09.57.19.png"],"MapEventData":{"5,11":"门房出门","9,10":"npc荔竹","9,9":"npc荔竹","9,8":"npc荔竹","9,7":"npc荔竹","8,7":"npc荔竹","8,8":"npc荔竹"},"MapBlockSpecialData":{"3,5":-1,"4,5":-1,"4,6":-1,"3,6":-1,"6,5":-1,"6,6":-1,"7,6":-1,"7,5":-1,"9,10":-1,"1,10":-1,"1,2":-1,"1,3":-1,"4,2":-1,"5,2":-1,"6,2":-1,"7,2":-1,"7,1":-1,"8,2":-1,"8,1":-1,"9,2":-1,"9,3":-1,"0,0":-1,"1,0":-1,"2,0":-1,"3,0":-1,"4,0":-1,"5,0":-1,"6,0":-1,"7,0":-1,"8,0":-1,"9,0":-1,"10,0":-1,"10,1":-1,"10,2":-1,"10,3":-1,"10,4":-1,"10,5":-1,"10,6":-1,"10,7":-1,"10,8":-1,"10,9":-1,"10,10":-1,"10,11":-1,"8,11":-1,"7,11":-1,"6,11":-1,"9,11":-1,"4,11":-1,"3,11":-1,"2,11":-1,"1,11":-1,"0,11":-1,"0,10":-1,"0,9":-1,"0,8":-1,"0,7":-1,"0,6":-1,"0,5":-1,"0,4":-1,"0,3":-1,"0,2":-1,"0,1":-1},"MapOfRole":2,"MapEventList":["门房出门","npc荔竹"]}